stage,7cf10762-eb8e-4b3c-8fbd-a1ab10552e52,05
stage-up,8b97a876-e023-453d-8634-1e172f529115,05
stage-cm,1bcbe526-cbec-498e-9523-c6c45dcf0fa8,05
stage-rg,aa6891bb-526d-4314-8460-f8586ed36da9,05
stage-man,0ff9c4fc-8a04-48bb-936a-dd244b9be3af,05
stage-rg-md,aa6891bb-526d-4314-8460-f8586ed36da9,05
prod01-rg,faaf34da-d89e-43f3-bf42-29c379b8c3bb,01
prod01-cm,757e7939-7c2d-4536-a4e4-317a260030cc,01
prod01-up,3b23121f-b971-4497-92e8-980374d1a53d,01
prod02-rg,20bd546e-eb44-4fea-ab16-f62995c68e9f,02
prod02-cm,2bf99491-a647-49a8-8d11-b1a877b01c4c,02
prod02-up,5a50e1b8-3bf2-4d5d-a7f6-cb5f280590d6,02
prod03-rg,f9cb9c08-6090-4334-b1a7-dfa75ab31ec5,03
prod03-cm,194db7c3-193a-4345-bfba-c17f6cfdac26,03
prod03-up,1432af38-a373-47e8-8a73-3ceb29760b22,03
prod04-rg,f2f4ae1e-27ef-47e2-9ac1-a7a26bacefe9,04
prod04-cm,5c04a1af-0167-47d3-b64c-c54c40fcdfd8,04
prod04-up,47245278-a046-4b32-904d-c42514012b83,04
prod06-rg,c83e61df-8fbb-40c8-9f04-cb6f4eb5718a,06
prod06-cm,fa5693a5-92e8-469c-b25d-d96320290737,06
prod06-up,33ddc5b9-4a1b-47ea-a5f4-a472830211a6,06
prod07-rg,76e35d3e-07a5-46e8-bfeb-ace7f01e99fd,07
prod07-cm,0c939cfd-41e6-4e5a-a75c-146ec5818098,07
prod07-up,1c81b8cf-7abe-421b-a04e-6cf065a5e9df,07
prod08-rg,ec2289aa-31f6-4e81-8f17-c2e2b33d877f,08
prod08-cm,a059903f-b5aa-4a71-bdd6-2621d833e5a0,08
prod08-up,134ffe1b-8d5e-4d21-969d-4ece8fefb503,08
prod09-rg,72317c75-125b-4a2f-94d9-295bbe7965eb,09
prod09-cm,f5b71f09-3a29-4969-addf-1ae6e04d0c64,09
prod09-up,56539599-5354-4980-9127-7a23e986e4f5,09
prod11-rg,f29babb4-6f8e-4cc2-ab8b-cb9c17aa2177,11
prod11-cm,6254f421-75fa-4678-8f45-26caf965caef,11
prod11-up,bce23ede-0d06-4d1c-ab8f-abc6f30375d3,11
prod12-rg,30b25caa-8999-4015-a2f7-4f7725cf8da6,12
prod12-cm,5aeb2fe4-2363-4fa2-9783-679da4cc2b8f,12
prod12-up,50519c94-6875-4a47-9993-8b62fd2a6313,12
prod13-rg,81990dd1-2b30-453c-98ed-d72f66e9a29f,13
prod13-cm,3704ded9-e5b1-4c8f-9284-5d0b144a083d,13
prod13-up,f5fdb7ee-d390-42bb-96aa-a363444d1924,13
prod14-rg,c2214eb8-9892-4942-8462-4f8588371d00,14
prod14-cm,69cd48a3-4025-477b-8307-f9754b0d55cc,14
prod14-up,e9ae9b73-6c55-4e74-b024-2bb08ac8a7ef,14
prod15-rg,c80facde-d34e-4eb4-97fb-2003c56291b6,15
prod15-cm,bd2d1310-14b4-49e2-8f92-66eb1dfec03f,15
prod15-up,ac780b83-e228-429f-a6ac-cc026796a9c3,15
prod16-rg,6ae43151-a58a-4726-aad4-da2791406412,16
prod16-cm,a9cbacc4-724c-4a84-8a69-1aa06b262430,16
prod16-up,2fe95aee-904b-448b-8537-bb85a33b8573,16
prod17-rg,fc25f988-1ee8-4b41-b62d-a68a0a9989a3,17
prod17-cm,c3636ac0-c083-4624-8eb1-3516fff0bc24,17
prod17-up,dbbd1ebb-5a8e-45c1-a410-c2d52a95cd13,17
prod18-rg,29b69997-cbaf-420e-b94f-3099ed35420e,18
prod18-cm,1a92a01a-a3d5-4e98-ba9d-e96b50ab34e3,18
prod18-up,738b67b1-73bd-47f5-9e21-17e8ce50102c,18
prod18-sps,7438b523-4a28-488b-84a6-cd73bee12035,18
prod19-rg,6f946679-ef77-445d-a72e-fad0fa03cb83,19
prod19-cm,f352d4d8-05d1-4b32-b0a7-fbf37aca89fe,19
prod19-up,f5fcfd14-2535-4af8-9102-5826a1b0e7c7,19
prod20-rg,83ce6051-6c50-49e7-9577-27d13033808c,20
prod20-cm,3d9ba3aa-845f-4d6c-bcce-d30fedfde2b9,20
prod20-up,b0b500f1-1dcb-4df6-900f-ba6e4a2315b0,20
prod23-rg,6540ffa4-2b60-4f5b-8bef-3209a5f181e4,23
prod23-cm,57c5747a-70ca-419c-96ba-1a7bd7ea9b2d,23
prod23-up,39a63eac-8764-49e2-8f0f-a8b9e5748741,23
prod25-rg,f38a1f64-3b11-4761-901c-917f2233e0c1,25
prod25-cm,729341d1-1745-4664-a7cc-3566d809bf81,25
prod25-up,f3d94603-cd20-44cf-84fd-74c529908018,25
prod01-cm-ir,7f322d4a-5458-45bb-80c7-06cee67ebe20,01
prod01-up-ir,25c14f8f-2e04-410c-be0e-0afecbfb2bf4,01
stage-sps,60ef8877-08e8-44ce-ad82-5c84d5bea657,05
stage10-sps,573b578c-b72f-4acc-b32a-5f56218159d8,10
prod01-sps,671ebcee-91ff-42b8-936c-6f9cab4d3f13,01
prod04-sps,82abdd56-1860-432a-b8d7-8ab157439768,04
app-int-up,67da84ae-554f-4520-b734-b9d5923949bf,
app-int-cm,313277ae-43be-4854-a04c-8ed221e7fb51,
app-int-rg,6cded9f9-bac3-466e-a0bd-8066cda4fec9,
app-int-sps,21a8461c-9420-40e2-a4fa-e666f85364c6,
qa-resp,4ee96567-d9db-4adf-8672-844a7d5d0026,
prod29-rg,b4cdb11c-cbf9-4a61-9def-0e9bcb8a65c3,29
prod29-cm,e763ae2d-22bd-484a-aacf-5da6a75433b2,29
prod29-up,770f38e5-fdf0-47a4-962e-78563a7ec106,29
prod29-pd,841f3837-283d-40d1-89e7-ed2cd316785d,29
stage31-rg,48ec9bdb-9e72-4fd1-b4a1-d076216986f4,31
stage31-cm,c3e11c32-ab7b-46d6-96c2-1234866ca8d1,31
stage31-up,d1151dd7-43c0-4c11-b466-971f5fe683b1,31
stage31-sps,6d287a50-a3ca-4779-8e10-f79a9d066c75,31
next-stage31-p1,e4c488d4-4cae-4b6b-a1d8-d1f8871daa3e,31
next-stage31-bus,82a4b1d4-9e64-4ae6-bd25-ad32f3646ede,31
next-stage31-awa,4c72abf3-064a-4674-b2ad-df4f7a1994b3,31
next-demo,959e0429-ab84-4ab3-9bc0-2ae84d9b7b21,01
next-prod07-p1,43ccdd5c-9d18-4316-8872-3f713585a1b5,07
next-prod07-bus,31114671-f924-477b-a636-8ab4accf8ae7,07
ct2-test,fc6e46e5-99b4-47bb-8b34-164b496bd04d,
prod33-rg,bf2b7314-2199-4724-bdb9-271fa61540c5,33
prod33-cm,f1c1a16d-9d90-40e5-9aef-358e7222adbe,33
prod33-up,5f32db65-8524-4038-8455-cc1c76a9144a,33
prod33-sps,80b0d0ba-b873-4253-84ad-a816e973e84e,33
ct2-qa-lions,e86f2247-8d5a-40c9-beed-7a09d0d871da,integration
ct2-qa-vikings,c9c55274-4f3e-40d0-b18e-be50126e0541,integration
prod34-rg,8911f274-3f7a-4319-a392-4cc984ec6142,34
prod34-cm,844ffc33-6050-4e32-bab8-844e63c31f29,34
prod34-up,424fe2a5-ad4d-4d56-b533-5383697265c3,34
prod34-sps,f5821da1-4f60-4e04-8b99-05dd980d0b97,34
next-stage31b-p1,e4c488d4-4cae-4b6b-a1d8-d1f8871daa3e,31
next-stage31a-p1,e4c488d4-4cae-4b6b-a1d8-d1f8871daa3e,31
prod36-rg,b44cdd3c-239c-46c3-9d50-9be5f1483b7d,36
prod36-cm,fda12bdd-ca05-4529-925a-f24a90266f1d,36
prod36-up,2a5a57d3-8cd1-4a2a-bb07-7839957af306,36
prod36-sps,9873b883-d2c7-4686-b76b-52d88159c4d0,36
next-stage31a-bus,82a4b1d4-9e64-4ae6-bd25-ad32f3646ede,31
next-stage31b-bus,82a4b1d4-9e64-4ae6-bd25-ad32f3646ede,31
next-stage31-data,a1225f58-3f21-4da4-8135-e6e8d15be29e,31
ct2-a-bus,1e843e45-615b-4548-a3e1-1aa3ec4311a2,integration
ct2-b-bus,1e843e45-615b-4548-a3e1-1aa3ec4311a2,integration
ct2-a-integ,18418e1d-bc2f-41a7-b77b-78fd6bf1f4ef,integration
ct2-b-integ,18418e1d-bc2f-41a7-b77b-78fd6bf1f4ef,integration
stage31-closer,e3a2a99f-af54-45d1-a48b-f45032cef14c,31
next-prod36-bus,5b89d066-99ea-4660-9e96-253b9dd16e82,36
next-prod36-p1,9896d528-07c3-41dd-8e70-84578b1eb4f2,36
next-prod36a-bus,5b89d066-99ea-4660-9e96-253b9dd16e82,36
next-prod36b-bus,5b89d066-99ea-4660-9e96-253b9dd16e82,36
next-prod36a-p1,9896d528-07c3-41dd-8e70-84578b1eb4f2,36
next-prod36b-p1,9896d528-07c3-41dd-8e70-84578b1eb4f2,36
next-prod07a,31114671-f924-477b-a636-8ab4accf8ae7,07
next-prod07b,31114671-f924-477b-a636-8ab4accf8ae7,07
prod40-rg,518bd915-b2fc-42c9-91a1-160d370a81fe,40
prod40-cm,1f72b38a-0479-4626-8d34-a68e1796dcbc,40
prod40-up,0afd84bc-77ae-4fe8-b041-f23e1c832100,40
prod40-sps,288c6b9f-b10c-47cb-a60f-97d5ae2d9eb5,40
prod41-rg,7b08d348-72b7-448f-8747-8f8f702cf17a,41
prod41-cm,9ad25c00-58eb-40ba-a4e2-7717cbc6310f,41
prod41-up,136a200c-fa68-42f3-a608-503562ef66ea,41
prod41-sps,9fadf651-11e2-45d0-a78f-10c930830d1a,41
stage37-p1,adb37ee1-470f-478b-84c4-bebce2344bd6,37
stage37-p2,fc6cc14d-18a6-48d0-b656-34ecfccb35d0,37
stage37-p6,2b4a576e-8e7b-4e3a-97e6-b4326b1ab040,37
next-stage10-snq,ecbe18b8-f0aa-45df-9b20-b6978dbe3bf4,10
next-stage10-snq2,131047ef-7f44-4e7d-9672-3b9dd80546ae,10
prod42-rg,87c41ca0-8d31-48c4-877c-52fd5864b18c,42
prod42-cm,30ecb2c7-335c-457e-b940-e56c5e104f82,42
prod42-up,dbc451a6-e538-47e9-9ca0-badf18243dde,42
prod42-sps,45c07a2a-48ca-4796-a1bc-66528e7ce5cd,42
stage38-p1,645f2f3e-3552-4cff-9786-f119a277a38a,38
next-stage31-app1,b527da8a-0708-477f-ad25-315fbe87b23b,cs-stage
stage31-ccp,40032cb2-8461-4917-921c-31188bf42c62,31
stage38-p2,965adb4c-fc2d-40e5-ad8e-ab308804d929,38
avengers-qa-rg,aae8a2c8-7a0b-4bb6-9084-2fbe6a98b100,
avengers-qa-cm,2302c970-5bfb-40d7-a4ee-3f93b8a1f30b,
avengers-qa-up,2dc2ec6c-e606-4d76-9d38-dbc3119e80d8,
avengers-qa-sps,855be8b8-fe35-4584-abca-8d2cb770edbf,
prod12-temp-cm,df7619fc-b842-4f0a-b634-d9d339186566,43
prod12-temp-up,1d8e982e-3275-41b4-915f-370ff9c91699,43
prod35-cm,d1f679c3-bf43-47e4-a3be-b4df43cd3fdd,35
prod43-rg,4c286749-fac8-413f-9abe-29bab795097d,43
prod43-cm,30879921-2c95-4d4f-85e2-1dea1d32ef80,43
prod43-up,989585da-e6bc-40df-b2f2-61790f8b73db,43
prod43-sps,a242dfa5-67c3-4f2d-a055-ef0f9168545e,43
next-prod01-app1,ff75be38-ddc6-4592-97aa-02d315fc9391,01
stage31-rg-md,48ec9bdb-9e72-4fd1-b4a1-d076216986f4,31
next-stage31-p2,ad531429-77a7-4879-ab72-4717c7b35fce,31
prod24-rg,ddd6f908-9a03-458a-8502-31b3d8452ab9,24
prod24-cm,a12d0286-1f18-4e94-adc4-f6b6a6d32cd3,24
prod24-up,f714795e-4ed9-4e62-a7c7-5b80afbbfd60,24
prod24-sps,251d4721-2792-478e-845c-ad027e25082a,24
next-prod42-pf,e7126438-ec81-49a4-8d36-509f76acd552,42
prod27-rg,8a4a158e-964e-4085-881e-e17baf8a7eb1,27
prod27-cm,6257612a-e2a6-45c1-b56d-5187a71fc769,27
prod27-up,ee54b18c-ca91-437d-b047-9eff3d6ab353,27
prod27-sps,08adfbf8-45af-47c6-8872-209f84696a7a,27
prod28-rg,76e70e28-0f9e-41d0-bd23-6d43e58327b8,28
prod28-cm,ca2e3fbc-fca6-4aec-aa63-7df4e02dc30c,28
prod28-up,740e969d-7b21-40f6-9920-21f6d97c3757,28
prod28-sps,5de05a9f-61b2-48f0-88c6-6c81c9bf824e,28
prod21-rg,73a0e004-2694-4014-8e43-35059290150e,21
prod21-cm,1d395412-eade-473f-83c3-37d2ee2eafc5,21
prod21-up,5703c2c1-3900-4c3b-90ce-d2186112d8b0,21
prod21-sps,7983580f-e4c2-4bba-88ef-1530165cad01,21
stage35-rg,81248770-15e2-47c9-b1b0-4203cf9af01d,35
stage35-cm,efd46b47-9187-40c7-94f3-ffda7783d43c,35
stage35-up,749bc4b2-4cc8-4762-bdb3-d581b4544d8e,35
stage35-sps,099acd72-fa62-4df0-85e5-ce34c350fecf,35
prod46-rg,c6337ac0-965e-487c-9c8c-4695fb4d6d42,46
prod46-cm,bc924f41-966b-4a34-a284-9782a78c27cd,46
prod46-up,100fc008-03b0-4916-86af-5c416fb0ed34,46
prod46-sps,96ee2ec5-1501-4d19-9714-4fbb7d1231dd,46
prod32-rg,40a9ae7f-eab0-4cfe-b55c-11b0b344d85b,32
prod32-cm,36407078-c76b-45ce-b7c1-998e99d2e9f5,32
prod32-up,84a81c9a-af01-4cdb-91f4-e2f7089fea7c,32
prod32-sps,a5ee593d-8c4e-4f27-a36f-d6aeadd311c6,32
prod44-rg,4387a2a3-2e9d-4beb-87e4-48812a7705f1,44
prod44-cm,4cb50ab9-0ad8-44cb-85e5-5c53eb74a263,44
prod44-up,c3722a63-2dc9-47da-ae69-a2b23f2b4b2a,44
prod44-sps,adcc26ce-a871-4609-b7f7-202da627d9be,44
prod56-rg,d3a04cb4-cc6b-4235-bf48-bda18fcfa023,56
prod56-cm,67493bce-644e-44ea-8e31-51505e687184,56
prod56-up,31cee29e-1e05-4c64-a803-e5542b3ccc54,56
prod56-sps,0711c49c-b598-4a2d-a0d0-99ec32d7d28b,56
next-stage37-p12,3bd5ad2a-51c0-43be-831c-02d09354af8e,37
prod45-rg,777adce1-baff-401c-a122-86c7c82d081d,45
prod45-cm,0dbbd3b5-d2b5-4a90-b2e4-2e7d3ee2d182,45
prod45-up,8446de40-869a-4ca3-9070-286d38a5a1f3,45
prod45-sps,474cb8f8-e43f-46d1-8bde-e811853427f9,45
stage39-rg,73a1f2e5-47a2-48d4-b912-bee3f8efd36e,39
stage39-cm,727045c6-d5c8-4ecc-be55-ca42a12e9641,39
stage39-up,05a3ad6f-deb9-4a4f-b6ae-719597bfdeff,39
stage39-sps,7c529f58-0878-48a2-b093-1585c6e87064,39
stage37-p2b,fc6cc14d-18a6-48d0-b656-34ecfccb35d0,37
prod47-rg,7cb2c3d2-8209-4c21-b9f5-3eb92decde73,47
prod47-cm,d7c18360-c028-4fc4-b0a5-6115794f5526,47
prod47-up,649faba7-d825-45b6-a589-36cdd9a8e20e,47
prod47-sps,2a920393-755b-454f-a333-6591a8390a83,47
stage37-p34,948b754c-3d9f-4159-80dc-94897e9ddd42,37
next-prod07-uxm,db89ba7d-b051-4d08-938c-8276520b9caf,07
next-prod36-uxm,9f469f44-e4f0-42c7-a258-3f83a6c77ca0,36
prod49-rg,b7586aa1-0d63-4cca-ad6e-cf5f264b337d,49
prod49-cm,5fd95b09-fe83-4e07-bc69-8004ce4564a7,49
prod49-up,abf3c878-42b4-4c71-b3d9-d3a20a2eb0ad,49
prod49-sps,5f7e43dc-d4c8-4dcc-bb43-9177bbd51d46,49
integ-rg,7dccd785d3611cd07c92a386ca70c88465296ea9,
integ-cm,7dccd785d3611cd07c92a386ca70c88465296ea9,
stage31-autoapp-rg,1d0e0f3a-d746-4828-bc28-4d136a1e760e,31
stage31-autoapp-cm,1cf3bcd6-e88d-4bc2-b1e5-8fc635dfdfdb,31
stage31-autoapp-up,9c7787b4-c9f3-4657-a86a-ebae50c70600,31
stage31-autoapp-sps,07a48fdf-f8f4-4b1e-9087-37de287e53c4,31
next-stage31-autoapp-p1,a47686a3-22f7-4a57-a533-a20f43b1a8d9,31
next-integ-autoapp-p1,d18a89f5-2d4f-4723-913a-0a87928a4b6a,qadump
integ-autoapp-rg,b0c6fb05-b491-490c-8162-49fde751366e,qadump
integ-autoapp-cm,da5cf874-de0f-4de8-9bc4-72b5018e8512,qadump
integ-autoapp-up,2b6f5905-c7a0-499d-970f-160086310d5f,qadump
integ-autoapp-sps,3bf525c4-8672-43f1-922b-4e7465387740,qadump
next-stage39-p1,c9d590f7-6106-40c9-81e8-a7129687f593,39
prod57-cm,36e6abc9-80aa-432c-a989-0a0b45c5a4d8,57
prod58-rg,232afbb1-2ee2-48ca-bb0f-9cd74ce6ba5e,58
prod58-cm,78b7dd07-7013-4ffb-95a0-86816ace4192,58
prod58-up,33afec3c-9eab-4643-8745-d3759ccd52b6,58
prod58-sps,794fd9a1-4b79-417c-afa0-e11f7339e26b,58
prod48-rg,40892fba-2837-48bc-8dc1-11f448119714,48
prod48-cm,deef155f-211a-416b-a052-ccb301cc19a1,48
prod48-up,7c0bfe9a-041e-4dcc-8c0c-c58f155f0631,48
prod48-sps,f45a1ac0-c62a-40aa-b9c3-1c2e40d4cd91,48
stage79-rg,09ecae84-a402-4d6b-af03-fa30cf2775d7,79
stage79-cm,7738e238-64a5-42f8-b5df-2f75daf9ebd8,79
stage79-up,3317a03d-2948-4aba-befd-ca6f9540c992,79
stage79-sps,75490aae-5ea0-4e79-8246-572a67faffe7,79
ct2-integ-newmon,1eec1d68-bd8a-4043-a9b8-44b297fbdd90,integration
prod55-rls,b26e1cce-333a-403d-a1d5-eee0e22c8052,55
prod55-rg,0dc07b16-f8de-46d7-abde-8ebe23bb10a4,55
prod55-cm,6e4c8d88-85e5-4f69-944f-d2fdd500a727,55
prod55-up,03a26c06-7d3c-4328-942f-a1cee2beeca8,55
prod55-sps,20336835-6168-4945-9521-523663ae5f37,55
next-stage31-cto,3cf12c38-f05f-4857-95b8-53b4e0f73dc3,31
next-prod55-project1,2596ab40-6c99-415b-8433-9fb55923a6a4,55
next-prod55-p1,3834ebed-f8c2-4a5d-a1f5-58a113f16b9c,55
next-prod58-p1,40ee6f6f-7df8-49a6-b579-0ae4b7af1c8f,58
next-stage31-tardis,599502c1-945c-48bd-866c-792a34cb1f2c,31
ct2-tardis,dd3db74e-1994-4f1c-873e-46105629b8b0,integration
integ91-cm,43f90410-0186-45f8-a150-3ec8ae3ee401,91
integ91-up,ad65ace7-3b7d-48f7-af21-fe5b15cc0b24,91
integ91-sps,c14c8fba-1bd2-4563-88e6-0d5b6ad1f3c6,91
next-integ91-p1,ab8dec7c-4140-4ee8-83dd-e94d6aac0b8e,91
integ91-autoapp-rg,f7cf3c79-ad7d-4862-a2cd-5db6fdc90e82,91
integ91-autoapp-cm,3f2bcb0e-c0fe-491d-8916-166f701f6ddc,91
integ91-autoapp-up,3e15cd2b-14d6-4815-9e1d-0fe3b46d6f4c,91
integ91-autoapp-sps,a496e37d-57ed-4301-98fc-3ab6d0b30ee8,91
next-integ91-autoapp-p1,57d753f9-93d3-4e08-adfe-ebdb7ab87a71,91
next-integ91-p21,0d01956b-e136-466f-8e72-74c6d5c99383,91
next-stage31-p132,6255ba2c-913d-4e6c-a55e-1f6e61259598,cs-stage
next-integ91-p22,65366cd4-8c40-499e-b430-327c65189194,91
stage39-p14.ctqatest.info,aadbcc98-9825-40fa-b833-4098bbb41974,39
next-stage39-p14,aadbcc98-9825-40fa-b833-4098bbb41974,39
next-stage31-p142,c5e91d52-f222-487d-92fd-e6d5cf0ad595,31
next-prod36-p81,1d861806-d72c-4eaf-8fe7-11d6b1511ea8,36
next-prod07-p32563,e8ab948b-e255-4275-bfcd-1c717a3ee6fa,07
next-stage31-p143,da8d1e95-86a4-43e8-a5b3-bcc92644fca8,31
cs-integration-lab,4ff8ebff449bc,cs-stage
cs-cap-01,d1119f1c42684,cs-stage
cs-prod-cap-01,10fff3a22561a,cs-prod
cs-prod-cap-02,260df8014659d,cs-prod
cs-prod-auto-01,9152eb8c45781,cs-prod
cs-prod-auto-02,ea2f3267a70c6,cs-prod
cs-stage-next-cloud-a,cdf235eceeae6,cs-stage
cs-stage-next-cloud-b,7999e4d27e99c,cs-stage
cs-stage-next-cloud-c,e2f08ffe2ee04,cs-stage
cs-test-01,74eafa9fffee0,cs-stage
nrt-dt-test,49e2b8baead96,cs-stage
cs-ga-standard-lab,82b307e196cfa,cs-stage
cs-drip-01,883e2fe7-0b4c-455a-b24d-67fea765d540,cs-stage
cs-drip-02,6b9c12d7-18f3-4803-ae2c-98d21f77b577,cs-stage
cs-sri-amex,58f9bb16-be1c-40a4-a9f6-764647d60c8c,cs-prod
malka-eu-01,68cb032de07e3,cs-stage
malka-us-01,f3ae5876f7a89,cs-stage
cs-us-malka-prod-01,814072593f8a3,cs-prod
next-stage31-tag01,415a14f6d75df,cs-stage
next-stage31-tag02,98c34e4d-fa08-489b-bad7-06ca6ec62347,cs-m2-stage
cs-stage-tag01,81c677ba742d8,cs-stage
next-stage31-tag04,061b5001-1f9c-403c-a8cc-0709eb45c0ff,31-staging-cdn
next-stage31-tag03,3b3f48af-da86-490b-a775-6c6acc418548,cs-stage
next-stage31-tag05,bbc52621487dd,cs-stage
next-stage31-tag06,7bc02bf9-e3ce-4056-8484-5719d1a8d776,cs-stage
text-search,6fd69d83d6017,cs-stage
page-level,6a02f5e4c3ea3,cs-stage
next-stage31-p133,3bcf9204-3029-40ab-b3d8-0e91be783147,cs-stage
next-stage31-p132,6255ba2c-913d-4e6c-a55e-1f6e61259598,cs-stage
next-stage31-p168,2cb94a32-087e-48e2-a676-1917b4677d98,cs-stage
cs-stage-tagetr01,c36d4a15b0211,cs-stage
subfirst,bc411ab23b0cc,cs-stage
subsecond,f0688aaeaf799,cs-stage
cs-stage-tag-qa,bc411ab23b0cc,cs-stage
cs-stage-apppii01,5f79cd3d721e0,cs-stage
text-search-azure,e9a4a02ba8445,cs-stage
text-search-azure,e9a4a02ba8445,cs-stage
cs-stage-support01,4a08d5f663d83,cs-stage
cs-temp-01,12345,cs-stage
cs-temo-test01,2132312,cs-temp
cs-malabi-qt,2e02991e41bcb,cs-stage
cs-temo-10,123123,cs-stage
sc-temo-09,332453,cs-stage
nextcloud-qa-aws-aws,a73d7f702b8b4,cs-stage
nextcloud-qa-contentsquare-aws-az,2028b4cacdb60,cs-stage
cs-stage-12272,9ea8ba87d1a57,cs-stage
prod-nextcloud-10034,57003aa592fab,cs-prod
cs-srkv-01,cdb5934f1fea6,cs-stage
prod-nextcloud-10066,bc5f7fb93a18b,cs-stage
